作者,书本数,笔记数
陈行甲,2,597
冰临神下,1,507
易之,1,467
陀思妥耶夫斯基,8,442
当年明月,1,400
德米特里·格鲁霍夫斯基,1,294
未知,7,271
13203,1,262
[法]纪德,1,252
毛泽东,1,244
[法]加缪,1,171
程珺,1,161
[美]罗兰·米勒,1,158
roach,1,146
兰晓龙,1,143
刘慈欣,17,140
[苏]奥斯特洛夫斯基,1,134
姜涛,1,122
朱建军,2,118
王晨阳,1,110
南怀瑾,2,108
李硕,1,96
马伯庸,2,96
尼采,3,85
卡伦·霍妮,1,83
徐公子胜治,1,82
夏洛蒂·勃朗特,1,74
史铁生,4,71
任韶堂,1,65
[瑞士]荣格原著  [英]索努·沙姆达萨尼编译,1,53
弗雷德里克·泰勒,1,50
[澳]格里高利·大卫·罗伯兹,1,50
保罗·科利尔,1,46
普里莫·莱维,1,46
[奥]里尔克,1,43
杜强,1,42
于小千,1,41
张志强,1,35
[瑞士]卡尔·古斯塔夫·荣格,1,35
释戒嗔,1,34
邹振东,1,30
叶思芬,1,30
维多利亚·林恩·施密特,1,29
今何在,1,29
度阴山,1,28
王怀志,郭政,1,27
莫娜·肖莱,1,25
老舍,2,22
伯纳德·曼德维尔,1,22
[明]兰陵笑笑生,1,21